{"cameraMode":{"drawMode":0,"name":"Shaded","section":"Shading Mode"},"sceneLighting":true,"audioPlay":false,"sceneViewState":{"m_AlwaysRefresh":false,"showFog":true,"showSkybox":true,"showFlares":true,"showImageEffects":true,"showParticleSystems":true,"showVisualEffectGraphs":true,"m_FxEnabled":true},"in2DMode":false,"pivot":{"x":26.14363670349121,"y":0.2717733383178711,"z":-4.237995147705078},"rotation":{"x":-0.045768700540065768,"y":0.9140924215316773,"z":-0.10772357881069184,"w":-0.38830217719078066},"size":2.763643503189087,"orthographic":false}