{"cameraMode":{"drawMode":0,"name":"Shaded","section":"Shading Mode"},"sceneLighting":true,"audioPlay":false,"sceneViewState":{"m_AlwaysRefresh":false,"showFog":true,"showSkybox":true,"showFlares":true,"showImageEffects":true,"showParticleSystems":true,"showVisualEffectGraphs":true,"m_FxEnabled":true},"in2DMode":false,"pivot":{"x":-81.42973327636719,"y":242.86639404296876,"z":-211.84585571289063},"rotation":{"x":0.49092724919319155,"y":0.020898286253213884,"z":-0.011785827577114106,"w":0.8708850145339966},"size":0.7034958600997925,"orthographic":false}